Item,Year,Value
Anise badian coriander cumin caraway fennel and juniper berries raw,2000,484
Anise badian coriander cumin caraway fennel and juniper berries raw,2001,430.3
Anise badian coriander cumin caraway fennel and juniper berries raw,2002,296.8
Anise badian coriander cumin caraway fennel and juniper berries raw,2003,534.5
Anise badian coriander cumin caraway fennel and juniper berries raw,2004,553.1
Anise badian coriander cumin caraway fennel and juniper berries raw,2005,584.4
Anise badian coriander cumin caraway fennel and juniper berries raw,2006,568.1
Anise badian coriander cumin caraway fennel and juniper berries raw,2007,701.3
Anise badian coriander cumin caraway fennel and juniper berries raw,2008,657.5
Anise badian coriander cumin caraway fennel and juniper berries raw,2009,684.4
Anise badian coriander cumin caraway fennel and juniper berries raw,2010,736.7
Anise badian coriander cumin caraway fennel and juniper berries raw,2011,774.7
Anise badian coriander cumin caraway fennel and juniper berries raw,2012,774.6
Anise badian coriander cumin caraway fennel and juniper berries raw,2013,784
Anise badian coriander cumin caraway fennel and juniper berries raw,2014,790.9
Anise badian coriander cumin caraway fennel and juniper berries raw,2015,799.4
Anise badian coriander cumin caraway fennel and juniper berries raw,2016,714.9
Anise badian coriander cumin caraway fennel and juniper berries raw,2017,989
Anise badian coriander cumin caraway fennel and juniper berries raw,2018,961
Anise badian coriander cumin caraway fennel and juniper berries raw,2019,912.4
Anise badian coriander cumin caraway fennel and juniper berries raw,2020,928.5
Anise badian coriander cumin caraway fennel and juniper berries raw,2021,998.4
Anise badian coriander cumin caraway fennel and juniper berries raw,2022,1009.4
Anise badian coriander cumin caraway fennel and juniper berries raw,2023,1026.4
Apples,2000,4565.2
Apples,2001,5125
Apples,2002,4833.3
Apples,2003,5880
Apples,2004,7562.6
Apples,2005,7537.9
Apples,2006,8005.3
Apples,2007,6444.4
Apples,2008,7579.5
Apples,2009,7244.5
Apples,2010,6282.1
Apples,2011,10000
Apples,2012,6845
Apples,2013,6137.8
Apples,2014,7978.8
Apples,2015,6689.7
Apples,2016,9101.1
Apples,2017,7426.2
Apples,2018,7730.9
Apples,2019,7519.5
Apples,2020,9077.4
Apples,2021,7271.6
Apples,2022,8219
Apples,2023,9460.5
Apricots,2000,2856.4
Apricots,2001,2846
Apricots,2002,2835.5
Apricots,2003,2825.1
Apricots,2004,2820.4
Apricots,2005,2821.6
Apricots,2006,2822.8
Apricots,2007,2824
Apricots,2008,2825.1
Apricots,2009,2826.3
Apricots,2010,2827.5
Apricots,2011,2828.7
Apricots,2012,2829.9
Apricots,2013,2831
Apricots,2014,2823.1
Apricots,2015,2825.2
Apricots,2016,2820.7
Apricots,2017,2815.4
Apricots,2018,2808
Apricots,2019,2802.2
Apricots,2020,2805.2
Apricots,2021,2808.2
Apricots,2022,2806.5
Apricots,2023,2846.8
Areca nuts,2000,1137.9
Areca nuts,2001,1137.9
Areca nuts,2002,1379.3
Areca nuts,2003,1176.9
Areca nuts,2004,1203.3
Areca nuts,2005,1242.7
Areca nuts,2006,1267.6
Areca nuts,2007,1262.9
Areca nuts,2008,1231.2
Areca nuts,2009,1243.3
Areca nuts,2010,1194.7
Areca nuts,2011,1194.7
Areca nuts,2012,1467.7
Areca nuts,2013,1365.5
Areca nuts,2014,1376.1
Areca nuts,2015,1660
Areca nuts,2016,1506.3
Areca nuts,2017,1589
Areca nuts,2018,1676.1
Areca nuts,2019,1726.1
Areca nuts,2020,1850.1
Areca nuts,2021,1968.5
Areca nuts,2022,1962.3
Areca nuts,2023,1459.5
Bananas,2000,30098.6
Bananas,2001,30480.3
Bananas,2002,27991.6
Bananas,2003,27791
Bananas,2004,28399.8
Bananas,2005,33165.6
Bananas,2006,34753.1
Bananas,2007,36205.2
Bananas,2008,36977.4
Bananas,2009,34362.6
Bananas,2010,35879.5
Bananas,2011,35725.2
Bananas,2012,34161.1
Bananas,2013,34642
Bananas,2014,37036.7
Bananas,2015,35548.7
Bananas,2016,34643.3
Bananas,2017,35438.4
Bananas,2018,34850.7
Bananas,2019,35173.2
Bananas,2020,36340
Bananas,2021,35781.4
Bananas,2022,35854.6
Bananas,2023,36835
Barley,2000,1997.2
Barley,2001,1840
Barley,2002,2160
Barley,2003,2006
Barley,2004,1975
Barley,2005,1958
Barley,2006,1937.8
Barley,2007,2058.2
Barley,2008,1991.4
Barley,2009,2393.5
Barley,2010,2171.7
Barley,2011,2357.4
Barley,2012,2519.4
Barley,2013,2518
Barley,2014,2717.1
Barley,2015,2281.5
Barley,2016,2440.7
Barley,2017,2662.8
Barley,2018,2694.9
Barley,2019,2837.2
Barley,2020,2920.5
Barley,2021,2795.7
Barley,2022,3025.1
Barley,2023,3044.5
Beans dry,2000,487.1
Beans dry,2001,547.6
Beans dry,2002,333.5
Beans dry,2003,456.2
Beans dry,2004,328.4
Beans dry,2005,326.9
Beans dry,2006,382.5
Beans dry,2007,393
Beans dry,2008,376.3
Beans dry,2009,405
Beans dry,2010,444.5
Beans dry,2011,393.6
Beans dry,2012,413.2
Beans dry,2013,441.8
Beans dry,2014,423
Beans dry,2015,414
Beans dry,2016,413.7
Beans dry,2017,413.7
Beans dry,2018,413.8
Beans dry,2019,414.2
Beans dry,2020,414.9
Beans dry,2021,415.8
Beans dry,2022,416.4
Beans dry,2023,417.1
Cabbages,2000,22878
Cabbages,2001,22438.9
Cabbages,2002,22000
Cabbages,2003,23062.4
Cabbages,2004,21931
Cabbages,2005,21242.2
Cabbages,2006,22237.9
Cabbages,2007,22425.7
Cabbages,2008,22218
Cabbages,2009,22145.7
Cabbages,2010,24230.9
Cabbages,2011,21542
Cabbages,2012,21569.2
Cabbages,2013,22940.9
Cabbages,2014,22590.1
Cabbages,2015,22240.9
Cabbages,2016,22350.3
Cabbages,2017,22296.2
Cabbages,2018,22649.1
Cabbages,2019,22817.5
Cabbages,2020,23122.2
Cabbages,2021,23203.9
Cabbages,2022,23227
Cabbages,2023,23207.9
Cantaloupes and other melons,2000,20476.2
Cantaloupes and other melons,2001,21021.3
Cantaloupes and other melons,2002,21085.7
Cantaloupes and other melons,2003,21217.1
Cantaloupes and other melons,2004,21347
Cantaloupes and other melons,2005,21454.1
Cantaloupes and other melons,2006,21549.9
Cantaloupes and other melons,2007,21647.3
Cantaloupes and other melons,2008,21744.6
Cantaloupes and other melons,2009,21841.6
Cantaloupes and other melons,2010,21938.1
Cantaloupes and other melons,2011,18731.6
Cantaloupes and other melons,2012,20815.8
Cantaloupes and other melons,2013,20666.7
Cantaloupes and other melons,2014,20567.6
Cantaloupes and other melons,2015,20547.6
Cantaloupes and other melons,2016,20777.8
Cantaloupes and other melons,2017,21940
Cantaloupes and other melons,2018,22796.3
Cantaloupes and other melons,2019,22210.5
Cantaloupes and other melons,2020,22426.2
Cantaloupes and other melons,2021,19706.7
Cantaloupes and other melons,2022,22029.4
Cantaloupes and other melons,2023,22029.4
Carrots and turnips,2000,14583.3
Carrots and turnips,2001,14687.4
Carrots and turnips,2002,14740.2
Carrots and turnips,2003,14792.4
Carrots and turnips,2004,14848.1
Carrots and turnips,2005,14914.6
Carrots and turnips,2006,14967
Carrots and turnips,2007,15019.2
Carrots and turnips,2008,15070.7
Carrots and turnips,2009,15121.4
Carrots and turnips,2010,15171.1
Carrots and turnips,2011,15219.9
Carrots and turnips,2012,15294.1
Carrots and turnips,2013,15294.1
Carrots and turnips,2014,15345.9
Carrots and turnips,2015,15405.8
Carrots and turnips,2016,15349.6
Carrots and turnips,2017,15413.2
Cashew nuts in shell,2000,758
Cashew nuts in shell,2001,642.9
Cashew nuts in shell,2002,626.7
Cashew nuts in shell,2003,649.4
Cashew nuts in shell,2004,685.9
Cashew nuts in shell,2005,663.4
Cashew nuts in shell,2006,684.6
Cashew nuts in shell,2007,726
Cashew nuts in shell,2008,766.1
Cashew nuts in shell,2009,778.3
Cashew nuts in shell,2010,664.1
Cashew nuts in shell,2011,707.7
Cashew nuts in shell,2012,740.6
Cashew nuts in shell,2013,759.1
Cashew nuts in shell,2014,744.8
Cashew nuts in shell,2015,723.3
Cashew nuts in shell,2016,647.7
Cashew nuts in shell,2017,761.8
Cashew nuts in shell,2018,769.3
Cashew nuts in shell,2019,672.4
Cashew nuts in shell,2020,624.9
Cashew nuts in shell,2021,636.8
Cashew nuts in shell,2022,635.1
Cashew nuts in shell,2023,654.4
Cassava fresh,2000,26908.7
Cassava fresh,2001,26699.8
Cassava fresh,2002,27274.6
Cassava fresh,2003,26213.5
Cassava fresh,2004,27043.6
Cassava fresh,2005,30497.8
Cassava fresh,2006,32113.2
Cassava fresh,2007,32220.4
Cassava fresh,2008,33540.7
Cassava fresh,2009,34343.3
Cassava fresh,2010,34755.5
Cassava fresh,2011,36477
Cassava fresh,2012,38581.8
Cassava fresh,2013,34959.4
Cassava fresh,2014,35655.5
Cassava fresh,2015,21024
Cassava fresh,2016,21294.1
Cassava fresh,2017,20959.8
Cassava fresh,2018,28612.7
Cassava fresh,2019,30527.6
Cassava fresh,2020,35028.9
Cassava fresh,2021,37929
Cassava fresh,2022,36122.1
Cassava fresh,2023,35771.1
Castor oil seeds,2000,817.6
Castor oil seeds,2001,910.7
Castor oil seeds,2002,734.1
Castor oil seeds,2003,1110.8
Castor oil seeds,2004,1067.8
Castor oil seeds,2005,1146.4
Castor oil seeds,2006,1192.5
Castor oil seeds,2007,1338
Castor oil seeds,2008,1352
Castor oil seeds,2009,1373
Castor oil seeds,2010,1526
Castor oil seeds,2011,1560.2
Castor oil seeds,2012,1591.6
Castor oil seeds,2013,1624.4
Castor oil seeds,2014,1692.3
Castor oil seeds,2015,1608.8
Castor oil seeds,2016,1326.9
Castor oil seeds,2017,1703.7
Castor oil seeds,2018,1902.1
Castor oil seeds,2019,1592.8
Castor oil seeds,2020,1760.5
Castor oil seeds,2021,1855.7
Castor oil seeds,2022,1948
Castor oil seeds,2023,1942.3
Cauliflowers and broccoli,2000,18880
Cauliflowers and broccoli,2001,18038.5
Cauliflowers and broccoli,2002,18111.1
Cauliflowers and broccoli,2003,17142.9
Cauliflowers and broccoli,2004,18440.5
Cauliflowers and broccoli,2005,18930
Cauliflowers and broccoli,2006,18444.6
Cauliflowers and broccoli,2007,18337.7
Cauliflowers and broccoli,2008,18516
Cauliflowers and broccoli,2009,18721.4
Cauliflowers and broccoli,2010,18881.9
Cauliflowers and broccoli,2011,18279.1
Cauliflowers and broccoli,2012,18795.4
Cauliflowers and broccoli,2013,19619.4
Cauliflowers and broccoli,2014,19760
Cauliflowers and broccoli,2015,19284.7
Cauliflowers and broccoli,2016,18990.6
Cauliflowers and broccoli,2017,18848
Cauliflowers and broccoli,2018,19134.7
Cauliflowers and broccoli,2019,19533.3
Cauliflowers and broccoli,2020,19145.6
Cauliflowers and broccoli,2021,19503.2
Cauliflowers and broccoli,2022,19887.7
Cauliflowers and broccoli,2023,19446
Cherries,2000,2780.4
Cherries,2001,2797.2
Cherries,2002,2814.1
Cherries,2003,2830.9
Cherries,2004,2848.7
Cherries,2005,2867.5
Cherries,2006,2886.4
Cherries,2007,2905.2
Cherries,2008,2924
Cherries,2009,2942.8
Cherries,2010,2961.7
Cherries,2011,2980.5
Cherries,2012,2999.3
Cherries,2013,3018.1
Cherries,2014,3024.4
Cherries,2015,3041.1
Cherries,2016,3028.2
Cherries,2017,3047.3
Cherries,2018,2918.6
Cherries,2019,2947.9
Cherries,2020,3024.7
Cherries,2021,3010
Cherries,2022,2927.5
Cherries,2023,2987.2
Chick peas dry,2000,832.7
Chick peas dry,2001,743.5
Chick peas dry,2002,853
Chick peas dry,2003,717.3
Chick peas dry,2004,811.2
Chick peas dry,2005,814.6
Chick peas dry,2006,808.5
Chick peas dry,2007,845.2
Chick peas dry,2008,762
Chick peas dry,2009,894.8
Chick peas dry,2010,915.5
Chick peas dry,2011,894.5
Chick peas dry,2012,925.5
Chick peas dry,2013,1036.4
Chick peas dry,2014,960
Chick peas dry,2015,888.6
Chick peas dry,2016,840.3
Chick peas dry,2017,974.2
Chick peas dry,2018,1077.5
Chick peas dry,2019,1041
Chick peas dry,2020,1142.3
Chick peas dry,2021,1191.6
Chick peas dry,2022,1261
Chick peas dry,2023,1171.6
Chillies and peppers dry (Capsicum spp. Pimenta spp.) raw,2000,1176
Chillies and peppers dry (Capsicum spp. Pimenta spp.) raw,2001,1214.8
Chillies and peppers dry (Capsicum spp. Pimenta spp.) raw,2002,1082.4
Chillies and peppers dry (Capsicum spp. Pimenta spp.) raw,2003,1595.9
Chillies and peppers dry (Capsicum spp. Pimenta spp.) raw,2004,1607.5
Chillies and peppers dry (Capsicum spp. Pimenta spp.) raw,2005,1549.2
Chillies and peppers dry (Capsicum spp. Pimenta spp.) raw,2006,1628.1
Chillies and peppers dry (Capsicum spp. Pimenta spp.) raw,2007,1601.3
Chillies and peppers dry (Capsicum spp. Pimenta spp.) raw,2008,1630
Chillies and peppers dry (Capsicum spp. Pimenta spp.) raw,2009,1567.9
Chillies and peppers dry (Capsicum spp. Pimenta spp.) raw,2010,1544.5
Chillies and peppers dry (Capsicum spp. Pimenta spp.) raw,2011,1585.9
Chillies and peppers dry (Capsicum spp. Pimenta spp.) raw,2012,1643.2
Chillies and peppers dry (Capsicum spp. Pimenta spp.) raw,2013,1925.2
Chillies and peppers dry (Capsicum spp. Pimenta spp.) raw,2014,1925.2
Chillies and peppers dry (Capsicum spp. Pimenta spp.) raw,2015,2109.1
Chillies and peppers dry (Capsicum spp. Pimenta spp.) raw,2016,1874.4
Chillies and peppers dry (Capsicum spp. Pimenta spp.) raw,2017,2495.2
Chillies and peppers dry (Capsicum spp. Pimenta spp.) raw,2018,2857.7
Chillies and peppers dry (Capsicum spp. Pimenta spp.) raw,2019,2234.6
Chillies and peppers dry (Capsicum spp. Pimenta spp.) raw,2020,2931.3
Chillies and peppers dry (Capsicum spp. Pimenta spp.) raw,2021,2918.8
Chillies and peppers dry (Capsicum spp. Pimenta spp.) raw,2022,2764
Chillies and peppers dry (Capsicum spp. Pimenta spp.) raw,2023,3265.3
Chillies and peppers green (Capsicum spp. and Pimenta spp.),2000,9090.9
Chillies and peppers green (Capsicum spp. and Pimenta spp.),2001,9021.3
Chillies and peppers green (Capsicum spp. and Pimenta spp.),2002,8997.1
Chillies and peppers green (Capsicum spp. and Pimenta spp.),2003,8970.3
Chillies and peppers green (Capsicum spp. and Pimenta spp.),2004,8941.4
Chillies and peppers green (Capsicum spp. and Pimenta spp.),2005,8838
Chillies and peppers green (Capsicum spp. and Pimenta spp.),2006,8792.8
Chillies and peppers green (Capsicum spp. and Pimenta spp.),2007,8748.1
Chillies and peppers green (Capsicum spp. and Pimenta spp.),2008,8703.1
Chillies and peppers green (Capsicum spp. and Pimenta spp.),2009,8659.2
Chillies and peppers green (Capsicum spp. and Pimenta spp.),2010,8617.3
Chillies and peppers green (Capsicum spp. and Pimenta spp.),2011,8577.9
Chillies and peppers green (Capsicum spp. and Pimenta spp.),2012,8500
Chillies and peppers green (Capsicum spp. and Pimenta spp.),2013,8500
Chillies and peppers green (Capsicum spp. and Pimenta spp.),2014,8473.9
Chillies and peppers green (Capsicum spp. and Pimenta spp.),2015,8428.1
Chillies and peppers green (Capsicum spp. and Pimenta spp.),2016,8466.4
Chillies and peppers green (Capsicum spp. and Pimenta spp.),2017,8454.4
Chillies and peppers green (Capsicum spp. and Pimenta spp.),2018,8424.8
Chillies and peppers green (Capsicum spp. and Pimenta spp.),2019,8390.5
Chillies and peppers green (Capsicum spp. and Pimenta spp.),2020,8700.2
Chillies and peppers green (Capsicum spp. and Pimenta spp.),2021,8504.6
Chillies and peppers green (Capsicum spp. and Pimenta spp.),2022,8531
Chillies and peppers green (Capsicum spp. and Pimenta spp.),2023,8578.4
Cocoa beans,2000,393
Cocoa beans,2001,415.5
Cocoa beans,2002,420.3
Cocoa beans,2003,383.5
Cocoa beans,2004,366.9
Cocoa beans,2005,332.6
Cocoa beans,2006,345.3
Cocoa beans,2007,335.5
Cocoa beans,2008,331.2
Cocoa beans,2009,347.1
Cocoa beans,2010,278.6
Cocoa beans,2011,254.9
Cocoa beans,2012,206.3
Cocoa beans,2013,197
Cocoa beans,2014,211.3
Cocoa beans,2015,205.1
Cocoa beans,2016,209.9
Cocoa beans,2017,228.9
Cocoa beans,2018,224.7
Cocoa beans,2019,255.3
Cocoa beans,2020,265.3
Cocoa beans,2021,262.1
Cocoa beans,2022,264.2
Cocoa beans,2023,275.2
Coconuts in shell,2000,4717.5
Coconuts in shell,2001,4712
Coconuts in shell,2002,4621.8
Coconuts in shell,2003,4490.6
Coconuts in shell,2004,4333.7
Coconuts in shell,2005,4562.8
Coconuts in shell,2006,5234.2
Coconuts in shell,2007,5615.5
Coconuts in shell,2008,5332.2
Coconuts in shell,2009,5711.4
Coconuts in shell,2010,5717.6
Coconuts in shell,2011,4964.2
Coconuts in shell,2012,4941.5
Coconuts in shell,2013,5574.8
Coconuts in shell,2014,5607.3
Coconuts in shell,2015,5367.3
Coconuts in shell,2016,5448.8
Coconuts in shell,2017,5366.1
Coconuts in shell,2018,7826.9
Coconuts in shell,2019,6825.7
Coconuts in shell,2020,6445.5
Coconuts in shell,2021,6503.4
Coconuts in shell,2022,6182.5
Coconuts in shell,2023,6220
Coffee green,2000,946.7
Coffee green,2001,958.8
Coffee green,2002,938.5
Coffee green,2003,858.6
Coffee green,2004,832
Coffee green,2005,826.5
Coffee green,2006,802.7
Coffee green,2007,839.6
Coffee green,2008,760.5
Coffee green,2009,748.4
Coffee green,2010,814.6
Coffee green,2011,837.8
Coffee green,2012,851.7
Coffee green,2013,845.6
Coffee green,2014,798.6
Coffee green,2015,772.6
Coffee green,2016,801
Coffee green,2017,694.3
Coffee green,2018,765.1
Coffee green,2019,766.7
Coffee green,2020,712.6
Coffee green,2021,789.7
Coffee green,2022,774.2
Coffee green,2023,760.2
Cucumbers and gherkins,2000,6611.1
Cucumbers and gherkins,2001,6595.9
Cucumbers and gherkins,2002,6576.6
Cucumbers and gherkins,2003,6556.4
Cucumbers and gherkins,2004,6534.4
Cucumbers and gherkins,2005,6522
Cucumbers and gherkins,2006,6493.8
Cucumbers and gherkins,2007,6471.1
Cucumbers and gherkins,2008,6448
Cucumbers and gherkins,2009,6425.8
Cucumbers and gherkins,2010,6405.2
Cucumbers and gherkins,2011,6386.3
Cucumbers and gherkins,2012,6339.6
Cucumbers and gherkins,2013,6339.6
Cucumbers and gherkins,2014,6331.5
Cucumbers and gherkins,2015,6325.8
Cucumbers and gherkins,2016,6332.2
Cucumbers and gherkins,2017,6322.5
Cucumbers and gherkins,2018,6303.6
Cucumbers and gherkins,2019,6281.1
Cucumbers and gherkins,2020,6490.1
Cucumbers and gherkins,2021,6357.9
Cucumbers and gherkins,2022,6375.9
Cucumbers and gherkins,2023,6407.8
Eggplants (aubergines),2000,16240
Eggplants (aubergines),2001,16383
Eggplants (aubergines),2002,16700
Eggplants (aubergines),2003,15660
Eggplants (aubergines),2004,16416.2
Eggplants (aubergines),2005,16335.8
Eggplants (aubergines),2006,16730.9
Eggplants (aubergines),2007,16642.6
Eggplants (aubergines),2008,17251.3
Eggplants (aubergines),2009,17287.4
Eggplants (aubergines),2010,17248.5
Eggplants (aubergines),2011,17494.1
Eggplants (aubergines),2012,18257.2
Eggplants (aubergines),2013,18620.5
Eggplants (aubergines),2014,19060.4
Eggplants (aubergines),2015,18705.8
Eggplants (aubergines),2016,18876.3
Eggplants (aubergines),2017,17066.8
Eggplants (aubergines),2018,17535.6
Eggplants (aubergines),2019,17441.5
Eggplants (aubergines),2020,17045.7
Eggplants (aubergines),2021,17188.3
Eggplants (aubergines),2022,18911.1
Eggplants (aubergines),2023,18784.1
Figs,2000,2311.3
Figs,2001,2314.8
Figs,2002,2318.3
Figs,2003,2321.7
Figs,2004,2333.7
Figs,2005,2354.2
Figs,2006,2374.7
Figs,2007,2395.2
Figs,2008,2415.7
Figs,2009,2436.2
Figs,2010,2456.7
Figs,2011,2477.2
Figs,2012,2497.7
Figs,2013,2518.2
Figs,2014,2525.9
Figs,2015,2530.3
Figs,2016,2540.7
Figs,2017,2552.3
Figs,2018,2560.8
Figs,2019,2568.9
Figs,2020,2584
Figs,2021,2523.3
Figs,2022,2516.7
Figs,2023,2507.8
Ginger raw,2000,3357.1
Ginger raw,2001,3264.9
Ginger raw,2002,3201.6
Ginger raw,2003,3176.9
Ginger raw,2004,3547.6
Ginger raw,2005,3767.1
Ginger raw,2006,3537.1
Ginger raw,2007,3707.8
Ginger raw,2008,3737.8
Ginger raw,2009,3498.7
Ginger raw,2010,3583.1
Ginger raw,2011,4708.2
Ginger raw,2012,4877.4
Ginger raw,2013,5022.1
Ginger raw,2014,4924.8
Ginger raw,2015,5352.1
Ginger raw,2016,6721.2
Ginger raw,2017,6369
Ginger raw,2018,10678.8
Ginger raw,2019,10902.4
Ginger raw,2020,10494.4
Ginger raw,2021,10853.7
Ginger raw,2022,11497.4
Ginger raw,2023,11523.6
Grapes,2000,28250
Grapes,2001,21200
Grapes,2002,24930.5
Grapes,2003,23950.1
Grapes,2004,25515.6
Grapes,2005,25862.8
Grapes,2006,24993.9
Grapes,2007,25927.7
Grapes,2008,25514.7
Grapes,2009,23475
Grapes,2010,8277.3
Grapes,2011,11126.1
Grapes,2012,19146.6
Grapes,2013,21042.4
Grapes,2014,21773.1
Grapes,2015,21683.3
Grapes,2016,21229.5
Grapes,2017,21328.5
Grapes,2018,21007.2
Grapes,2019,21721.4
Grapes,2020,21206.7
Grapes,2021,21664.5
Grapes,2022,20865
Grapes,2023,22130.2
Green garlic,2000,4210.3
Green garlic,2001,4140
Green garlic,2002,4387.7
Green garlic,2003,4098.7
Green garlic,2004,4975.5
Green garlic,2005,4487.2
Green garlic,2006,4434.4
Green garlic,2007,4876.3
Green garlic,2008,5183.9
Green garlic,2009,5000.3
Green garlic,2010,5058.7
Green garlic,2011,5273.2
Green garlic,2012,5074.4
Green garlic,2013,5076.6
Green garlic,2014,5419.9
Green garlic,2015,5438.9
Green garlic,2016,5754.4
Green garlic,2017,5274.1
Green garlic,2018,5082
Green garlic,2019,8128.5
Green garlic,2020,8309.7
Green garlic,2021,8137.8
Green garlic,2022,8162.8
Green garlic,2023,7994
Groundnuts excluding shelled,2000,988.1
Groundnuts excluding shelled,2001,1126.5
Groundnuts excluding shelled,2002,694.3
Groundnuts excluding shelled,2003,1357.4
Groundnuts excluding shelled,2004,1020.2
Groundnuts excluding shelled,2005,1186.7
Groundnuts excluding shelled,2006,866.1
Groundnuts excluding shelled,2007,1459.4
Groundnuts excluding shelled,2008,1162.7
Groundnuts excluding shelled,2009,991.1
Groundnuts excluding shelled,2010,1410.4
Groundnuts excluding shelled,2011,1311.5
Groundnuts excluding shelled,2012,984.3
Groundnuts excluding shelled,2013,1720.6
Groundnuts excluding shelled,2014,1579.9
Groundnuts excluding shelled,2015,1476.5
Groundnuts excluding shelled,2016,1405.3
Groundnuts excluding shelled,2017,1397.8
Groundnuts excluding shelled,2018,1893
Groundnuts excluding shelled,2019,1422
Groundnuts excluding shelled,2020,2062.5
Groundnuts excluding shelled,2021,1703.1
Groundnuts excluding shelled,2022,1776.6
Groundnuts excluding shelled,2023,2075.5
Jute raw or retted,2000,2025.7
Jute raw or retted,2001,2182
Jute raw or retted,2002,2144.4
Jute raw or retted,2003,2173.1
Jute raw or retted,2004,2186.3
Jute raw or retted,2005,2362.5
Jute raw or retted,2006,2347.7
Jute raw or retted,2007,2254.9
Jute raw or retted,2008,2207.2
Jute raw or retted,2009,2492
Jute raw or retted,2010,2343.7
Jute raw or retted,2011,2450.5
Jute raw or retted,2012,2390
Jute raw or retted,2013,2430
Jute raw or retted,2014,2655.9
Jute raw or retted,2015,2314.6
Jute raw or retted,2016,2519.3
Jute raw or retted,2017,2659.5
Jute raw or retted,2018,2517.5
Jute raw or retted,2019,2569.5
Jute raw or retted,2020,2706.6
Jute raw or retted,2021,2591.5
Jute raw or retted,2022,2792.5
Jute raw or retted,2023,2613.6
Kenaf and other textile bast fibres raw or retted,2000,1077.7
Kenaf and other textile bast fibres raw or retted,2001,1175.9
Kenaf and other textile bast fibres raw or retted,2002,1131.5
Kenaf and other textile bast fibres raw or retted,2003,1055.7
Kenaf and other textile bast fibres raw or retted,2004,1087.4
Kenaf and other textile bast fibres raw or retted,2005,1108.2
Kenaf and other textile bast fibres raw or retted,2006,1135.7
Kenaf and other textile bast fibres raw or retted,2007,1195
Kenaf and other textile bast fibres raw or retted,2008,1320
Kenaf and other textile bast fibres raw or retted,2009,1096.5
Kenaf and other textile bast fibres raw or retted,2010,1223
Kenaf and other textile bast fibres raw or retted,2011,1271.4
Kenaf and other textile bast fibres raw or retted,2012,1298.9
Kenaf and other textile bast fibres raw or retted,2013,1080
Kenaf and other textile bast fibres raw or retted,2014,1176.7
Kenaf and other textile bast fibres raw or retted,2015,1216.1
Kenaf and other textile bast fibres raw or retted,2016,1152.7
Kenaf and other textile bast fibres raw or retted,2017,1180.7
Kenaf and other textile bast fibres raw or retted,2018,1182.1
Kenaf and other textile bast fibres raw or retted,2019,1171.5
Kenaf and other textile bast fibres raw or retted,2020,1178.1
Kenaf and other textile bast fibres raw or retted,2021,1177.2
Kenaf and other textile bast fibres raw or retted,2022,1175.6
Kenaf and other textile bast fibres raw or retted,2023,1176.9
Lemons and limes,2000,8809.8
Lemons and limes,2001,8387.3
Lemons and limes,2002,8764.4
Lemons and limes,2003,9846.8
Lemons and limes,2004,8899.3
Lemons and limes,2005,13093.8
Lemons and limes,2006,8035
Lemons and limes,2007,7833.8
Lemons and limes,2008,8261.9
Lemons and limes,2009,8136.5
Lemons and limes,2010,8894.5
Lemons and limes,2011,9625.6
Lemons and limes,2012,9709.8
Lemons and limes,2013,9888.3
Lemons and limes,2014,9898.5
Lemons and limes,2015,11007.5
Lemons and limes,2016,9951
Lemons and limes,2017,9532.3
Lemons and limes,2018,11007
Lemons and limes,2019,11416.4
Lemons and limes,2020,11450.3
Lemons and limes,2021,10850.2
Lemons and limes,2022,12063.9
Lemons and limes,2023,12137.8
Lentils dry,2000,738.2
Lentils dry,2001,619.3
Lentils dry,2002,662.9
Lentils dry,2003,632.8
Lentils dry,2004,741.3
Lentils dry,2005,676.3
Lentils dry,2006,626.6
Lentils dry,2007,619
Lentils dry,2008,618.3
Lentils dry,2009,692.9
Lentils dry,2010,697.3
Lentils dry,2011,590.8
Lentils dry,2012,677.8
Lentils dry,2013,796.9
Lentils dry,2014,758.4
Lentils dry,2015,704.6
Lentils dry,2016,764.9
Lentils dry,2017,837.6
Lentils dry,2018,1046.9
Lentils dry,2019,901
Lentils dry,2020,846.7
Lentils dry,2021,1017.4
Lentils dry,2022,898.7
Lentils dry,2023,952.3
Lettuce and chicory,2000,6541.7
Lettuce and chicory,2001,6510.8
Lettuce and chicory,2002,6490.9
Lettuce and chicory,2003,6472.6
Lettuce and chicory,2004,6455.1
Lettuce and chicory,2005,6413.5
Lettuce and chicory,2006,6433.2
Lettuce and chicory,2007,6421.8
Lettuce and chicory,2008,6410.7
Lettuce and chicory,2009,6400.9
Lettuce and chicory,2010,6392.5
Lettuce and chicory,2011,6385.2
Lettuce and chicory,2012,6323.5
Lettuce and chicory,2013,6352.9
Lettuce and chicory,2014,6350.8
Lettuce and chicory,2015,6345.2
Lettuce and chicory,2016,6349.5
Lettuce and chicory,2017,6334.8
Lettuce and chicory,2018,6319.3
Lettuce and chicory,2019,6307.7
Lettuce and chicory,2020,6548
Lettuce and chicory,2021,6391.4
Lettuce and chicory,2022,6415.3
Lettuce and chicory,2023,6451.4
Linseed,2000,406
Linseed,2001,350.9
Linseed,2002,390.3
Linseed,2003,392.6
Linseed,2004,412.4
Linseed,2005,378.2
Linseed,2006,394.9
Linseed,2007,394.1
Linseed,2008,348.3
Linseed,2009,414.8
Linseed,2010,449.4
Linseed,2011,409.5
Linseed,2012,470.6
Linseed,2013,496.6
Linseed,2014,483.6
Linseed,2015,543.9
Linseed,2016,419.5
Linseed,2017,566.5
Linseed,2018,532.7
Linseed,2019,573.6
Linseed,2020,670.8
Linseed,2021,636.8
Linseed,2022,642.1
Linseed,2023,698.5
Maize (corn),2000,1821.6
Maize (corn),2001,1999.6
Maize (corn),2002,1680.7
Maize (corn),2003,2040.5
Maize (corn),2004,1907.3
Maize (corn),2005,1938.5
Maize (corn),2006,1912.5
Maize (corn),2007,2335.2
Maize (corn),2008,2414
Maize (corn),2009,2023.8
Maize (corn),2010,2540.1
Maize (corn),2011,2478.4
Maize (corn),2012,2555.7
Maize (corn),2013,2572.6
Maize (corn),2014,2572.6
Maize (corn),2015,2610.7
Maize (corn),2016,2597.2
Maize (corn),2017,2688.6
Maize (corn),2018,3065.3
Maize (corn),2019,3070.2
Maize (corn),2020,3006.1
Maize (corn),2021,3199.3
Maize (corn),2022,3387.2
Maize (corn),2023,3544.9
Mangoes guavas and mangosteens,2000,7064
Mangoes guavas and mangosteens,2001,6620.7
Mangoes guavas and mangosteens,2002,6358.8
Mangoes guavas and mangosteens,2003,7843.5
Mangoes guavas and mangosteens,2004,6026.1
Mangoes guavas and mangosteens,2005,6003.7
Mangoes guavas and mangosteens,2006,6086
Mangoes guavas and mangosteens,2007,6376
Mangoes guavas and mangosteens,2008,6359.4
Mangoes guavas and mangosteens,2009,5521.9
Mangoes guavas and mangosteens,2010,6498.6
Mangoes guavas and mangosteens,2011,6612.1
Mangoes guavas and mangosteens,2012,6810.8
Mangoes guavas and mangosteens,2013,7200.8
Mangoes guavas and mangosteens,2014,7325.7
Mangoes guavas and mangosteens,2015,8565.4
Mangoes guavas and mangosteens,2016,8439.6
Mangoes guavas and mangosteens,2017,9438.5
Mangoes guavas and mangosteens,2018,9879.7
Mangoes guavas and mangosteens,2019,9965.4
Mangoes guavas and mangosteens,2020,9542.9
Mangoes guavas and mangosteens,2021,9511.6
Mangoes guavas and mangosteens,2022,9726
Mangoes guavas and mangosteens,2023,9724.2
Millet,2000,774.5
Millet,2001,899.8
Millet,2002,627.1
Millet,2003,1086.8
Millet,2004,912.1
Millet,2005,862.9
Millet,2006,880.4
Millet,2007,1083.6
Millet,2008,1030.1
Millet,2009,797.7
Millet,2010,1127.3
Millet,2011,1185.4
Millet,2012,999.8
Millet,2013,1188.6
Millet,2014,1178.9
Millet,2015,1275.8
Millet,2016,1162.9
Millet,2017,1270.9
Millet,2018,1261.6
Millet,2019,1211.4
Millet,2020,1386.8
Millet,2021,1427.1
Millet,2022,1396
Millet,2023,1474
Natural rubber in primary forms,2000,1575
Natural rubber in primary forms,2001,1573.6
Natural rubber in primary forms,2002,1591.8
Natural rubber in primary forms,2003,1662.7
Natural rubber in primary forms,2004,1703.8
Natural rubber in primary forms,2005,1795.6
Natural rubber in primary forms,2006,1878.6
Natural rubber in primary forms,2007,1798.1
Natural rubber in primary forms,2008,1867.2
Natural rubber in primary forms,2009,1776.5
Natural rubber in primary forms,2010,1807.1
Natural rubber in primary forms,2011,1818.2
Natural rubber in primary forms,2012,2036.2
Natural rubber in primary forms,2013,2000
Natural rubber in primary forms,2014,2065.9
Natural rubber in primary forms,2015,2071.3
Natural rubber in primary forms,2016,2078.2
Natural rubber in primary forms,2017,2091.9
Natural rubber in primary forms,2018,2112.7
Natural rubber in primary forms,2019,2140.7
Natural rubber in primary forms,2020,2199.6
Natural rubber in primary forms,2021,2211.7
Natural rubber in primary forms,2022,2238.4
Natural rubber in primary forms,2023,2265.1
Nutmeg mace cardamoms raw,2000,156.9
Nutmeg mace cardamoms raw,2001,165.9
Nutmeg mace cardamoms raw,2002,174
Nutmeg mace cardamoms raw,2003,174.7
Nutmeg mace cardamoms raw,2004,177.5
Nutmeg mace cardamoms raw,2005,185.8
Nutmeg mace cardamoms raw,2006,163.5
Nutmeg mace cardamoms raw,2007,166.6
Nutmeg mace cardamoms raw,2008,168
Nutmeg mace cardamoms raw,2009,174.3
Nutmeg mace cardamoms raw,2010,181.1
Nutmeg mace cardamoms raw,2011,177.7
Nutmeg mace cardamoms raw,2012,196.4
Nutmeg mace cardamoms raw,2013,172.7
Nutmeg mace cardamoms raw,2014,225.8
Nutmeg mace cardamoms raw,2015,239.1
Nutmeg mace cardamoms raw,2016,355.1
Nutmeg mace cardamoms raw,2017,398.1
Nutmeg mace cardamoms raw,2018,398.1
Nutmeg mace cardamoms raw,2019,361.9
Nutmeg mace cardamoms raw,2020,339.4
Nutmeg mace cardamoms raw,2021,458.7
Nutmeg mace cardamoms raw,2022,504.6
Nutmeg mace cardamoms raw,2023,486.5
Okra,2000,9771.4
Okra,2001,9542.9
Okra,2002,9485.7
Okra,2003,9540.5
Okra,2004,10284.3
Okra,2005,9830.4
Okra,2006,10144.5
Okra,2007,10277.8
Okra,2008,10267.8
Okra,2009,10481.5
Okra,2010,10626.1
Okra,2011,11614.5
Okra,2012,12083
Okra,2013,11963.3
Okra,2014,11914.5
Okra,2015,11327.4
Okra,2016,11446.2
Okra,2017,11840.2
Okra,2018,11974.5
Okra,2019,12039
Okra,2020,12197.7
Okra,2021,12177
Okra,2022,12496.4
Okra,2023,13038.3
Onions and shallots dry (excluding dehydrated),2000,10491.3
Onions and shallots dry (excluding dehydrated),2001,10593.2
Onions and shallots dry (excluding dehydrated),2002,9911.7
Onions and shallots dry (excluding dehydrated),2003,11317.4
Onions and shallots dry (excluding dehydrated),2004,12643.5
Onions and shallots dry (excluding dehydrated),2005,13406.1
Onions and shallots dry (excluding dehydrated),2006,14123.7
Onions and shallots dry (excluding dehydrated),2007,16930.6
Onions and shallots dry (excluding dehydrated),2008,16265
Onions and shallots dry (excluding dehydrated),2009,16078.8
Onions and shallots dry (excluding dehydrated),2010,14208.6
Onions and shallots dry (excluding dehydrated),2011,16106.2
Onions and shallots dry (excluding dehydrated),2012,15981.9
Onions and shallots dry (excluding dehydrated),2013,15857.8
Onions and shallots dry (excluding dehydrated),2014,16120.1
Onions and shallots dry (excluding dehydrated),2015,16135.5
Onions and shallots dry (excluding dehydrated),2016,15856.8
Onions and shallots dry (excluding dehydrated),2017,17172.3
Onions and shallots dry (excluding dehydrated),2018,18102.7
Onions and shallots dry (excluding dehydrated),2019,18704.1
Onions and shallots dry (excluding dehydrated),2020,18232.7
Onions and shallots dry (excluding dehydrated),2021,16404.6
Onions and shallots dry (excluding dehydrated),2022,16325.1
Onions and shallots dry (excluding dehydrated),2023,17360.9
Oranges,2000,9758.1
Oranges,2001,10319.4
Oranges,2002,8824.2
Oranges,2003,6652.5
Oranges,2004,8635.1
Oranges,2005,8767.2
Oranges,2006,7792.8
Oranges,2007,9132.9
Oranges,2008,9377.4
Oranges,2009,9233.2
Oranges,2010,9451
Oranges,2011,8382.2
Oranges,2012,7604.9
Oranges,2013,10897.8
Oranges,2014,11600
Oranges,2015,15378.2
Oranges,2016,14213.1
Oranges,2017,16801
Oranges,2018,17654.1
Oranges,2019,16801
Oranges,2020,17654.1
Oranges,2021,17465.2
Oranges,2022,17083.3
Oranges,2023,17000
Other beans green,2000,2748
Other beans green,2001,2757.5
Other beans green,2002,2766.7
Other beans green,2003,2775.9
Other beans green,2004,2776.5
Other beans green,2005,2780
Other beans green,2006,2783.4
Other beans green,2007,2786.6
Other beans green,2008,2789.7
Other beans green,2009,2792.7
Other beans green,2010,2795.6
Other beans green,2011,2798.3
Other beans green,2012,2818.2
Other beans green,2013,2818.2
Other beans green,2014,2818.8
Other beans green,2015,2826.1
Other beans green,2016,2821.1
Other beans green,2017,2826.6
Other beans green,2018,2831.9
Other beans green,2019,2835.5
Other beans green,2020,2841.2
Other beans green,2021,2836.3
Other beans green,2022,2837.7
Other beans green,2023,2838.4
Other berries and fruits of the genus vaccinium n.e.c.,2000,5525.3
Other berries and fruits of the genus vaccinium n.e.c.,2001,5559.6
Other berries and fruits of the genus vaccinium n.e.c.,2002,5748.6
Other berries and fruits of the genus vaccinium n.e.c.,2003,5929.5
Other berries and fruits of the genus vaccinium n.e.c.,2004,6009.3
Other berries and fruits of the genus vaccinium n.e.c.,2005,6138.4
Other berries and fruits of the genus vaccinium n.e.c.,2006,6257.9
Other berries and fruits of the genus vaccinium n.e.c.,2007,6943.1
Other berries and fruits of the genus vaccinium n.e.c.,2008,6478.2
Other berries and fruits of the genus vaccinium n.e.c.,2009,6573.4
Other berries and fruits of the genus vaccinium n.e.c.,2010,6686.6
Other berries and fruits of the genus vaccinium n.e.c.,2011,6800
Other berries and fruits of the genus vaccinium n.e.c.,2012,6816.2
Other berries and fruits of the genus vaccinium n.e.c.,2013,7008.7
Other berries and fruits of the genus vaccinium n.e.c.,2014,7098.1
Other berries and fruits of the genus vaccinium n.e.c.,2015,7192.4
Other berries and fruits of the genus vaccinium n.e.c.,2016,6863.6
Other berries and fruits of the genus vaccinium n.e.c.,2017,7057
Other berries and fruits of the genus vaccinium n.e.c.,2018,7175.4
Other berries and fruits of the genus vaccinium n.e.c.,2019,6844.4
Other berries and fruits of the genus vaccinium n.e.c.,2020,6857.1
Other berries and fruits of the genus vaccinium n.e.c.,2021,6957.5
Other berries and fruits of the genus vaccinium n.e.c.,2022,6886.2
Other berries and fruits of the genus vaccinium n.e.c.,2023,6900.1
Other citrus fruit n.e.c.,2000,15000
Other citrus fruit n.e.c.,2001,13538.9
Other citrus fruit n.e.c.,2002,13219.4
Other citrus fruit n.e.c.,2003,12500
Other citrus fruit n.e.c.,2004,12500
Other citrus fruit n.e.c.,2005,12500
Other citrus fruit n.e.c.,2006,12406.5
Other citrus fruit n.e.c.,2007,12577.4
Other citrus fruit n.e.c.,2008,12513.8
Other citrus fruit n.e.c.,2009,12508.9
Other citrus fruit n.e.c.,2010,12409.5
Other citrus fruit n.e.c.,2011,12531.9
Other citrus fruit n.e.c.,2012,12558.4
Other citrus fruit n.e.c.,2013,12573.5
Other citrus fruit n.e.c.,2014,13078.9
Other citrus fruit n.e.c.,2015,13025
Other citrus fruit n.e.c.,2016,11839.5
Other citrus fruit n.e.c.,2017,10352.9
Other citrus fruit n.e.c.,2018,10000
Other citrus fruit n.e.c.,2019,9125
Other citrus fruit n.e.c.,2020,6089.6
Other citrus fruit n.e.c.,2021,6350.6
Other citrus fruit n.e.c.,2022,7592.2
Other citrus fruit n.e.c.,2023,7350.5
Other fruits n.e.c.,2000,8846.2
Other fruits n.e.c.,2001,9400
Other fruits n.e.c.,2002,10365.1
Other fruits n.e.c.,2003,13854.2
Other fruits n.e.c.,2004,6248.2
Other fruits n.e.c.,2005,6216.1
Other fruits n.e.c.,2006,6698.3
Other fruits n.e.c.,2007,6144.9
Other fruits n.e.c.,2008,6583.6
Other fruits n.e.c.,2009,6679.6
Other fruits n.e.c.,2010,6516.7
Other fruits n.e.c.,2011,5994.5
Other fruits n.e.c.,2012,5946.5
Other fruits n.e.c.,2013,6644.1
Other fruits n.e.c.,2014,6652.3
Other fruits n.e.c.,2015,7525.1
Other fruits n.e.c.,2016,8065.8
Other fruits n.e.c.,2017,9490.1
Other fruits n.e.c.,2018,9087.4
Other fruits n.e.c.,2019,9106.7
Other fruits n.e.c.,2020,8438.6
Other fruits n.e.c.,2021,8289.7
Other fruits n.e.c.,2022,8567.1
Other fruits n.e.c.,2023,8655.7
Other oil seeds n.e.c.,2000,299.7
Other oil seeds n.e.c.,2001,302.3
Other oil seeds n.e.c.,2002,303.9
Other oil seeds n.e.c.,2003,300.3
Other oil seeds n.e.c.,2004,300.3
Other oil seeds n.e.c.,2005,300
Other oil seeds n.e.c.,2006,300.2
Other oil seeds n.e.c.,2007,305.6
Other oil seeds n.e.c.,2008,344.7
Other oil seeds n.e.c.,2009,266.3
Other oil seeds n.e.c.,2010,277.8
Other oil seeds n.e.c.,2011,316.1
Other oil seeds n.e.c.,2012,323.8
Other oil seeds n.e.c.,2013,328
Other oil seeds n.e.c.,2014,324.8
Other oil seeds n.e.c.,2015,293.7
Other oil seeds n.e.c.,2016,302.3
Other oil seeds n.e.c.,2017,309.2
Other oil seeds n.e.c.,2018,310.8
Other oil seeds n.e.c.,2019,311.4
Other oil seeds n.e.c.,2020,311.7
Other oil seeds n.e.c.,2021,312.4
Other oil seeds n.e.c.,2022,313.1
Other oil seeds n.e.c.,2023,313.8
Other pulses n.e.c.,2000,644.4
Other pulses n.e.c.,2001,787.9
Other pulses n.e.c.,2002,588.2
Other pulses n.e.c.,2003,462.2
Other pulses n.e.c.,2004,551.2
Other pulses n.e.c.,2005,437.9
Other pulses n.e.c.,2006,490.4
Other pulses n.e.c.,2007,466.7
Other pulses n.e.c.,2008,418.8
Other pulses n.e.c.,2009,432.1
Other pulses n.e.c.,2010,424.2
Other pulses n.e.c.,2011,411.8
Other pulses n.e.c.,2012,436.4
Other pulses n.e.c.,2013,496.4
Other pulses n.e.c.,2014,513.3
Other pulses n.e.c.,2015,459.5
Other pulses n.e.c.,2016,444.3
Other pulses n.e.c.,2017,440.3
Other pulses n.e.c.,2018,438.5
Other pulses n.e.c.,2019,439.4
Other pulses n.e.c.,2020,437.6
Other pulses n.e.c.,2021,438.5
Other pulses n.e.c.,2022,438.5
Other pulses n.e.c.,2023,438.2
Other stimulant spice and aromatic crops n.e.c.,2000,1734.1
Other stimulant spice and aromatic crops n.e.c.,2001,1479.5
Other stimulant spice and aromatic crops n.e.c.,2002,1858.6
Other stimulant spice and aromatic crops n.e.c.,2003,1506.8
Other stimulant spice and aromatic crops n.e.c.,2004,1903.3
Other stimulant spice and aromatic crops n.e.c.,2005,2098.2
Other stimulant spice and aromatic crops n.e.c.,2006,2042.9
Other stimulant spice and aromatic crops n.e.c.,2007,1973.2
Other stimulant spice and aromatic crops n.e.c.,2008,1839.1
Other stimulant spice and aromatic crops n.e.c.,2009,1903.3
Other stimulant spice and aromatic crops n.e.c.,2010,2032.7
Other stimulant spice and aromatic crops n.e.c.,2011,2189
Other stimulant spice and aromatic crops n.e.c.,2012,2020.3
Other stimulant spice and aromatic crops n.e.c.,2013,2026.8
Other stimulant spice and aromatic crops n.e.c.,2014,2211.8
Other stimulant spice and aromatic crops n.e.c.,2015,1753.1
Other stimulant spice and aromatic crops n.e.c.,2016,1989.6
Other stimulant spice and aromatic crops n.e.c.,2017,3026.6
Other stimulant spice and aromatic crops n.e.c.,2018,1631.6
Other stimulant spice and aromatic crops n.e.c.,2019,1740.3
Other stimulant spice and aromatic crops n.e.c.,2020,2013.5
Other stimulant spice and aromatic crops n.e.c.,2021,2205.9
Other stimulant spice and aromatic crops n.e.c.,2022,2117
Other stimulant spice and aromatic crops n.e.c.,2023,2114
Other stone fruits,2000,2531.9
Other stone fruits,2001,2606.9
Other stone fruits,2002,2707.7
Other stone fruits,2003,2807.7
Other stone fruits,2004,2872.8
Other stone fruits,2005,2954.3
Other stone fruits,2006,3036.6
Other stone fruits,2007,3119.9
Other stone fruits,2008,3197.4
Other stone fruits,2009,3278.6
Other stone fruits,2010,3392.4
Other stone fruits,2011,3446
Other stone fruits,2012,3536.8
Other stone fruits,2013,3634.7
Other stone fruits,2014,3717.1
Other stone fruits,2015,3799.1
Other stone fruits,2016,3885.2
Other stone fruits,2017,3972.2
Other stone fruits,2018,4058.4
Other stone fruits,2019,3941.2
Other stone fruits,2020,3958.6
Other stone fruits,2021,3952.1
Other stone fruits,2022,3919.2
Other stone fruits,2023,3913.8
Other tropical fruits n.e.c.,2000,10692.3
Other tropical fruits n.e.c.,2001,10259.3
Other tropical fruits n.e.c.,2002,10461.5
Other tropical fruits n.e.c.,2003,8617.6
Other tropical fruits n.e.c.,2004,9481.9
Other tropical fruits n.e.c.,2005,8770.5
Other tropical fruits n.e.c.,2006,8778.3
Other tropical fruits n.e.c.,2007,8858.8
Other tropical fruits n.e.c.,2008,9558.3
Other tropical fruits n.e.c.,2009,9261.6
Other tropical fruits n.e.c.,2010,9716.6
Other tropical fruits n.e.c.,2011,9893.9
Other tropical fruits n.e.c.,2012,9663.1
Other tropical fruits n.e.c.,2013,10917.2
Other tropical fruits n.e.c.,2014,11329.9
Other tropical fruits n.e.c.,2015,13411.9
Other tropical fruits n.e.c.,2016,13055.3
Other tropical fruits n.e.c.,2017,12455.8
Other tropical fruits n.e.c.,2018,13030.8
Other tropical fruits n.e.c.,2019,13317.7
Other tropical fruits n.e.c.,2020,12810.4
Other tropical fruits n.e.c.,2021,13040.5
Other tropical fruits n.e.c.,2022,13081.7
Other tropical fruits n.e.c.,2023,13020.2
Other vegetables fresh n.e.c.,2000,13830.9
Other vegetables fresh n.e.c.,2001,14192.8
Other vegetables fresh n.e.c.,2002,11766.2
Other vegetables fresh n.e.c.,2003,10308.6
Other vegetables fresh n.e.c.,2004,11039.1
Other vegetables fresh n.e.c.,2005,11005.7
Other vegetables fresh n.e.c.,2006,12227.8
Other vegetables fresh n.e.c.,2007,12772.1
Other vegetables fresh n.e.c.,2008,13008.3
Other vegetables fresh n.e.c.,2009,12308.3
Other vegetables fresh n.e.c.,2010,13603.8
Other vegetables fresh n.e.c.,2011,13229.5
Other vegetables fresh n.e.c.,2012,12950.3
Other vegetables fresh n.e.c.,2013,11798.6
Other vegetables fresh n.e.c.,2014,14044.2
Other vegetables fresh n.e.c.,2015,14005.5
Other vegetables fresh n.e.c.,2016,13735.5
Other vegetables fresh n.e.c.,2017,13829.1
Other vegetables fresh n.e.c.,2018,14119.5
Other vegetables fresh n.e.c.,2019,14212.5
Other vegetables fresh n.e.c.,2020,14160.5
Other vegetables fresh n.e.c.,2021,14268
Other vegetables fresh n.e.c.,2022,14293.7
Other vegetables fresh n.e.c.,2023,14386.5
Papayas,2000,25517
Papayas,2001,35147.9
Papayas,2002,31576.5
Papayas,2003,29073.9
Papayas,2004,34350.9
Papayas,2005,31553.1
Papayas,2006,34235.9
Papayas,2007,35048.2
Papayas,2008,37030.6
Papayas,2009,40893.4
Papayas,2010,39584.9
Papayas,2011,37965.1
Papayas,2012,40772.7
Papayas,2013,41066.7
Papayas,2014,42286.3
Papayas,2015,42721.7
Papayas,2016,42931.8
Papayas,2017,44328.4
Papayas,2018,43398.6
Papayas,2019,40604
Papayas,2020,40704.2
Papayas,2021,37945.2
Papayas,2022,35606.7
Papayas,2023,35405.4
Peaches and nectarines,2000,5593.1
Peaches and nectarines,2001,5711.3
Peaches and nectarines,2002,5849.6
Peaches and nectarines,2003,5821.7
Peaches and nectarines,2004,5919.4
Peaches and nectarines,2005,6060.3
Peaches and nectarines,2006,6148.4
Peaches and nectarines,2007,6236.1
Peaches and nectarines,2008,6324
Peaches and nectarines,2009,6412.6
Peaches and nectarines,2010,6594.6
Peaches and nectarines,2011,6584.4
Peaches and nectarines,2012,6666.7
Peaches and nectarines,2013,6666.7
Peaches and nectarines,2014,6878.3
Peaches and nectarines,2015,7010.7
Peaches and nectarines,2016,7113.3
Pears,2000,7417.3
Pears,2001,7538.7
Pears,2002,7658.8
Pears,2003,7777.2
Pears,2004,7576.9
Pears,2005,7515.8
Pears,2006,7516.7
Pears,2007,7530.9
Pears,2008,7515.3
Pears,2009,7515.9
Pears,2010,7514.5
Pears,2011,7511.5
Pears,2012,7508
Pears,2013,7506.5
Pears,2014,7490.5
Pears,2015,7214.3
Pears,2016,8075
Pears,2017,7863.6
Pears,2018,7227.3
Pears,2019,7142.9
Pears,2020,6744.2
Pears,2021,6571.4
Pears,2022,7022.7
Pears,2023,7742.9
Peas dry,2000,1029.4
Peas dry,2001,860.2
Peas dry,2002,906.5
Peas dry,2003,891.4
Peas dry,2004,1022.1
Peas dry,2005,992.9
Peas dry,2006,912.7
Peas dry,2007,805.3
Peas dry,2008,748.2
Peas dry,2009,916.3
Peas dry,2010,882.7
Peas dry,2011,815.7
Peas dry,2012,933.9
Peas dry,2013,1099.1
Peas dry,2014,960.5
Peas dry,2015,911.8
Peas dry,2016,821.7
Peas dry,2017,955
Peas dry,2018,1203.6
Peas dry,2019,1338
Peas dry,2020,1440.1
Peas dry,2021,1374.8
Peas dry,2022,1318.2
Peas dry,2023,1352.1
Peas green,2000,10037
Peas green,2001,9406.3
Peas green,2002,6800
Peas green,2003,6755.6
Peas green,2004,6666.2
Peas green,2005,7038.7
Peas green,2006,7934.3
Peas green,2007,8087.5
Peas green,2008,7958.5
Peas green,2009,8379.3
Peas green,2010,8302
Peas green,2011,9505.4
Peas green,2012,9173.9
Peas green,2013,9518.2
Peas green,2014,8922.9
Peas green,2015,9773.1
Peas green,2016,9660.6
Peas green,2017,10084.9
Peas green,2018,10040.7
Peas green,2019,10076.1
Peas green,2020,10295.8
Peas green,2021,10310.4
Peas green,2022,10478
Peas green,2023,10824.3
Pepper (Piper spp.) raw,2000,301
Pepper (Piper spp.) raw,2001,299.1
Pepper (Piper spp.) raw,2002,283.1
Pepper (Piper spp.) raw,2003,296.3
Pepper (Piper spp.) raw,2004,313.6
Pepper (Piper spp.) raw,2005,319.8
Pepper (Piper spp.) raw,2006,357
Pepper (Piper spp.) raw,2007,280.5
Pepper (Piper spp.) raw,2008,238.2
Pepper (Piper spp.) raw,2009,198.6
Pepper (Piper spp.) raw,2010,260.4
Pepper (Piper spp.) raw,2011,282.6
Pepper (Piper spp.) raw,2012,205
Pepper (Piper spp.) raw,2013,424
Pepper (Piper spp.) raw,2014,411.3
Pepper (Piper spp.) raw,2015,503.9
Pepper (Piper spp.) raw,2016,426.4
Pepper (Piper spp.) raw,2017,545.5
Pepper (Piper spp.) raw,2018,492.5
Pepper (Piper spp.) raw,2019,478.3
Pepper (Piper spp.) raw,2020,481.8
Pepper (Piper spp.) raw,2021,484.6
Pepper (Piper spp.) raw,2022,501.9
Pepper (Piper spp.) raw,2023,519
Pigeon peas dry,2000,786.1
Pigeon peas dry,2001,618.5
Pigeon peas dry,2002,679.1
Pigeon peas dry,2003,650.7
Pigeon peas dry,2004,667.4
Pigeon peas dry,2005,667
Pigeon peas dry,2006,764.7
Pigeon peas dry,2007,649.7
Pigeon peas dry,2008,825
Pigeon peas dry,2009,671.6
Pigeon peas dry,2010,709.8
Pigeon peas dry,2011,654.9
Pigeon peas dry,2012,651.1
Pigeon peas dry,2013,776.4
Pigeon peas dry,2014,812
Pigeon peas dry,2015,729.1
Pigeon peas dry,2016,646
Pigeon peas dry,2017,913
Pigeon peas dry,2018,966.5
Pigeon peas dry,2019,728.7
Pigeon peas dry,2020,858.6
Pigeon peas dry,2021,913.5
Pigeon peas dry,2022,861.2
Pigeon peas dry,2023,814
Pineapples,2000,14571.4
Pineapples,2001,15250
Pineapples,2002,14750
Pineapples,2003,14555.6
Pineapples,2004,15255.9
Pineapples,2005,15445.7
Pineapples,2006,15322.8
Pineapples,2007,15655.2
Pineapples,2008,15562.5
Pineapples,2009,15964.3
Pineapples,2010,15090.3
Pineapples,2011,15898.9
Pineapples,2012,14705.9
Pineapples,2013,14961.9
Pineapples,2014,15805.8
Pineapples,2015,17103.4
Pineapples,2016,17490.9
Pineapples,2017,16765.8
Pineapples,2018,16563.1
Pineapples,2019,16451.9
Pineapples,2020,16339.6
Pineapples,2021,16971.7
Pineapples,2022,17138.9
Pineapples,2023,16925.9
Plums and sloes,2000,5487.9
Plums and sloes,2001,5872.5
Plums and sloes,2002,6260.3
Plums and sloes,2003,6666.7
Plums and sloes,2004,7000
Plums and sloes,2005,7317.5
Plums and sloes,2006,7619
Plums and sloes,2007,7743.6
Plums and sloes,2008,7846.1
Plums and sloes,2009,7923.5
Plums and sloes,2010,8000
Plums and sloes,2011,8076.9
Plums and sloes,2012,7963
Plums and sloes,2013,8000
Plums and sloes,2014,8152.2
Plums and sloes,2015,8257.5
Plums and sloes,2016,8326.5
Pomelos and grapefruits,2000,20378.3
Pomelos and grapefruits,2001,20918.3
Pomelos and grapefruits,2002,21538.5
Pomelos and grapefruits,2003,21716.9
Pomelos and grapefruits,2004,21969.7
Pomelos and grapefruits,2005,22089.6
Pomelos and grapefruits,2006,21944.4
Pomelos and grapefruits,2007,21975.3
Pomelos and grapefruits,2008,23529.4
Pomelos and grapefruits,2009,24000
Pomelos and grapefruits,2010,23703.8
Pomelos and grapefruits,2011,23614.3
Pomelos and grapefruits,2012,23486.4
Pomelos and grapefruits,2013,23379
Pomelos and grapefruits,2014,23359.8
Pomelos and grapefruits,2015,23053.1
Pomelos and grapefruits,2016,23999.8
Potatoes,2000,18644.3
Potatoes,2001,18362.7
Potatoes,2002,19417.3
Potatoes,2003,17320.8
Potatoes,2004,18809.1
Potatoes,2005,18890.8
Potatoes,2006,18592
Potatoes,2007,16410.1
Potatoes,2008,19297.3
Potatoes,2009,18810.3
Potatoes,2010,19929.9
Potatoes,2011,22724
Potatoes,2012,21753
Potatoes,2013,22760.6
Potatoes,2014,22922.4
Potatoes,2015,23125.7
Potatoes,2016,20508.7
Potatoes,2017,22306.1
Potatoes,2018,23954.2
Potatoes,2019,23097.1
Potatoes,2020,23677.2
Potatoes,2021,24123.7
Potatoes,2022,25236.3
Potatoes,2023,25789.9
Pumpkins squash and gourds,2000,9583.3
Pumpkins squash and gourds,2001,9587
Pumpkins squash and gourds,2002,9591.3
Pumpkins squash and gourds,2003,9595.5
Pumpkins squash and gourds,2004,9598.4
Pumpkins squash and gourds,2005,9600
Pumpkins squash and gourds,2006,9598.4
Pumpkins squash and gourds,2007,9599.4
Pumpkins squash and gourds,2008,9600.3
Pumpkins squash and gourds,2009,9601.3
Pumpkins squash and gourds,2010,9602.2
Pumpkins squash and gourds,2011,9603
Pumpkins squash and gourds,2012,9607.8
Pumpkins squash and gourds,2013,9607.8
Pumpkins squash and gourds,2014,9601.1
Pumpkins squash and gourds,2015,9599
Pumpkins squash and gourds,2016,9602.6
Pumpkins squash and gourds,2017,9600.9
Rape or colza seed,2000,960.4
Rape or colza seed,2001,935.3
Rape or colza seed,2002,1001.9
Rape or colza seed,2003,853.8
Rape or colza seed,2004,1159
Rape or colza seed,2005,1037.8
Rape or colza seed,2006,1117.5
Rape or colza seed,2007,1095.4
Rape or colza seed,2008,1000.7
Rape or colza seed,2009,1143.3
Rape or colza seed,2010,1184.2
Rape or colza seed,2011,1257.1
Rape or colza seed,2012,1120.5
Rape or colza seed,2013,1233.4
Rape or colza seed,2014,1185.3
Rape or colza seed,2015,1084.8
Rape or colza seed,2016,1179.6
Rape or colza seed,2017,1303.5
Rape or colza seed,2018,1410.3
Rape or colza seed,2019,1511.4
Rape or colza seed,2020,1330.7
Rape or colza seed,2021,1523.9
Rape or colza seed,2022,1497
Rape or colza seed,2023,1428.4
Rice,2000,2850.8
Rice,2001,3115.8
Rice,2002,2616.3
Rice,2003,3117.7
Rice,2004,2975.6
Rice,2005,3153.7
Rice,2006,3175.9
Rice,2007,3292.4
Rice,2008,3250.9
Rice,2009,3236.6
Rice,2010,3358.7
Rice,2011,3587.8
Rice,2012,3690.9
Rice,2013,3624.3
Rice,2014,3586.8
Rice,2015,3600.2
Rice,2016,3740.1
Rice,2017,3863.7
Rice,2018,3956.7
Rice,2019,4083.6
Rice,2020,4075.7
Rice,2021,4196.2
Rice,2022,4257.1
Rice,2023,4322.3
Safflower seed,2000,593.8
Safflower seed,2001,475.5
Safflower seed,2002,568.9
Safflower seed,2003,483.1
Safflower seed,2004,370.7
Safflower seed,2005,470.3
Safflower seed,2006,627
Safflower seed,2007,685.7
Safflower seed,2008,641.9
Safflower seed,2009,642.2
Safflower seed,2010,621.3
Safflower seed,2011,654.9
Safflower seed,2012,814.6
Safflower seed,2013,726.7
Safflower seed,2014,635.8
Safflower seed,2015,514.3
Safflower seed,2016,368.1
Safflower seed,2017,650.9
Safflower seed,2018,672.9
Safflower seed,2019,536.9
Safflower seed,2020,843.2
Safflower seed,2021,640.4
Safflower seed,2022,776.9
Safflower seed,2023,826.3
Seed cotton unginned,2000,597.9
Seed cotton unginned,2001,583.6
Seed cotton unginned,2002,597.4
Seed cotton unginned,2003,960
Seed cotton unginned,2004,993.3
Seed cotton unginned,2005,1132.6
Seed cotton unginned,2006,1315.1
Seed cotton unginned,2007,1461.3
Seed cotton unginned,2008,1257.6
Seed cotton unginned,2009,1237.7
Seed cotton unginned,2010,1594
Seed cotton unginned,2011,1574.8
Seed cotton unginned,2012,1517.4
Seed cotton unginned,2013,1617.9
Seed cotton unginned,2014,1413.1
Seed cotton unginned,2015,1343.1
Seed cotton unginned,2016,1598.2
Seed cotton unginned,2017,1401.9
Seed cotton unginned,2018,1164.5
Seed cotton unginned,2019,1471.2
Seed cotton unginned,2020,1315.7
Seed cotton unginned,2021,1294.9
Seed cotton unginned,2022,1212.5
Seed cotton unginned,2023,1268.7
Sesame seed,2000,301
Sesame seed,2001,417.7
Sesame seed,2002,305.5
Sesame seed,2003,460
Sesame seed,2004,365.6
Sesame seed,2005,372
Sesame seed,2006,375.2
Sesame seed,2007,420.7
Sesame seed,2008,353.9
Sesame seed,2009,303
Sesame seed,2010,429.5
Sesame seed,2011,425.9
Sesame seed,2012,401.5
Sesame seed,2013,426.1
Sesame seed,2014,465.7
Sesame seed,2015,436.6
Sesame seed,2016,393.2
Sesame seed,2017,448.1
Sesame seed,2018,478.2
Sesame seed,2019,485.4
Sesame seed,2020,405.2
Sesame seed,2021,474.2
Sesame seed,2022,484.8
Sesame seed,2023,526.7
Sorghum,2000,763.9
Sorghum,2001,771.5
Sorghum,2002,760.2
Sorghum,2003,754
Sorghum,2004,716.1
Sorghum,2005,796.8
Sorghum,2006,880.3
Sorghum,2007,844.3
Sorghum,2008,1020.9
Sorghum,2009,962.1
Sorghum,2010,860.2
Sorghum,2011,948.7
Sorghum,2012,956.8
Sorghum,2013,850.2
Sorghum,2014,956.8
Sorghum,2015,884.7
Sorghum,2016,697.4
Sorghum,2017,812.2
Sorghum,2018,956
Sorghum,2019,849.1
Sorghum,2020,989.3
Sorghum,2021,1099.2
Sorghum,2022,1092
Sorghum,2023,1079.1
Soya beans,2000,822.2
Soya beans,2001,940
Soya beans,2002,762.4
Soya beans,2003,1192.9
Soya beans,2004,908.2
Soya beans,2005,1073.4
Soya beans,2006,1062.8
Soya beans,2007,1235.1
Soya beans,2008,1041.5
Soya beans,2009,1023.6
Soya beans,2010,1333
Soya beans,2011,1199.8
Soya beans,2012,1353
Soya beans,2013,1012.3
Soya beans,2014,935.8
Soya beans,2015,734.4
Soya beans,2016,1177
Soya beans,2017,1176.6
Soya beans,2018,1058.5
Soya beans,2019,1191.9
Soya beans,2020,920.7
Soya beans,2021,976.2
Soya beans,2022,1069.2
Soya beans,2023,1145.3
Sugar cane,2000,70934.9
Sugar cane,2001,68576.6
Sugar cane,2002,67369.6
Sugar cane,2003,63576.1
Sugar cane,2004,59379.9
Sugar cane,2005,64751.7
Sugar cane,2006,66928.1
Sugar cane,2007,69033
Sugar cane,2008,68877.2
Sugar cane,2009,64553.5
Sugar cane,2010,70019.1
Sugar cane,2011,69246.6
Sugar cane,2012,71634.3
Sugar cane,2013,68240
Sugar cane,2014,70569.5
Sugar cane,2015,71466.1
Sugar cane,2016,70393.5
Sugar cane,2017,69001.4
Sugar cane,2018,80198.4
Sugar cane,2019,80104.5
Sugar cane,2020,80496.6
Sugar cane,2021,83566.2
Sugar cane,2022,84906.3
Sugar cane,2023,83348.7
Sunflower seed,2000,602
Sunflower seed,2001,577.4
Sunflower seed,2002,531.4
Sunflower seed,2003,464.4
Sunflower seed,2004,549.2
Sunflower seed,2005,615.1
Sunflower seed,2006,568.5
Sunflower seed,2007,766
Sunflower seed,2008,638.8
Sunflower seed,2009,576.1
Sunflower seed,2010,700
Sunflower seed,2011,708.2
Sunflower seed,2012,663.4
Sunflower seed,2013,750.6
Sunflower seed,2014,786.2
Sunflower seed,2015,629.8
Sunflower seed,2016,529.5
Sunflower seed,2017,659.6
Sunflower seed,2018,781.8
Sunflower seed,2019,825.5
Sunflower seed,2020,931
Sunflower seed,2021,1010.8
Sunflower seed,2022,922.7
Sunflower seed,2023,996.4
Sweet potatoes,2000,9742.1
Sweet potatoes,2001,8836.8
Sweet potatoes,2002,8569.4
Sweet potatoes,2003,8569.4
Sweet potatoes,2004,8858.8
Sweet potatoes,2005,8847.7
Sweet potatoes,2006,8684.9
Sweet potatoes,2007,8697.6
Sweet potatoes,2008,8894.3
Sweet potatoes,2009,9008
Sweet potatoes,2010,9206.9
Sweet potatoes,2011,9245.6
Sweet potatoes,2012,9717.4
Sweet potatoes,2013,10128.8
Sweet potatoes,2014,10275.6
Sweet potatoes,2015,11476.6
Sweet potatoes,2016,11539.7
Sweet potatoes,2017,11406.3
Sweet potatoes,2018,11450.4
Sweet potatoes,2019,10509.1
Sweet potatoes,2020,10564.8
Sweet potatoes,2021,10575.5
Sweet potatoes,2022,11065.4
Sweet potatoes,2023,11718.2
Tangerines mandarins clementines,2011,10046.3
Tangerines mandarins clementines,2012,9507.6
Tangerines mandarins clementines,2013,9344.1
Tangerines mandarins clementines,2014,10397
Tangerines mandarins clementines,2015,12371.2
Tangerines mandarins clementines,2016,10360.2
Tangerines mandarins clementines,2017,10824.4
Tangerines mandarins clementines,2018,11918.2
Tangerines mandarins clementines,2019,13311.3
Tangerines mandarins clementines,2020,13497.8
Tangerines mandarins clementines,2021,13037.7
Tangerines mandarins clementines,2022,13883.3
Tangerines mandarins clementines,2023,13430.4
Tea leaves,2000,7328.6
Tea leaves,2001,7307.5
Tea leaves,2002,7280.4
Tea leaves,2003,7127.9
Tea leaves,2004,7350
Tea leaves,2005,7568.1
Tea leaves,2006,7426.1
Tea leaves,2007,7460.1
Tea leaves,2008,7418
Tea leaves,2009,7304
Tea leaves,2010,7442.1
Tea leaves,2011,7938.3
Tea leaves,2012,8157
Tea leaves,2013,9319.5
Tea leaves,2014,8690.4
Tea leaves,2015,9460.7
Tea leaves,2016,9415
Tea leaves,2017,9267.9
Tea leaves,2018,9357.1
Tea leaves,2019,9484.9
Tea leaves,2020,9767.2
Tea leaves,2021,9951.9
Tea leaves,2022,10101.1
Tea leaves,2023,10250.4
Tomatoes,2000,16152.2
Tomatoes,2001,15739.1
Tomatoes,2002,16289.7
Tomatoes,2003,15907.9
Tomatoes,2004,16160.7
Tomatoes,2005,17462.2
Tomatoes,2006,17982.8
Tomatoes,2007,16870.8
Tomatoes,2008,18203.2
Tomatoes,2009,18609.2
Tomatoes,2010,19598.4
Tomatoes,2011,19105.2
Tomatoes,2012,20565.6
Tomatoes,2013,20712.5
Tomatoes,2014,21241.8
Tomatoes,2015,21362.5
Tomatoes,2016,24201.6
Tomatoes,2017,25982.4
Tomatoes,2018,25043.1
Tomatoes,2019,24336.7
Tomatoes,2020,25122.2
Tomatoes,2021,25066.3
Tomatoes,2022,24548
Tomatoes,2023,24057.7
Unmanufactured tobacco,2000,1199.8
Unmanufactured tobacco,2001,1307.7
Unmanufactured tobacco,2002,1571.4
Unmanufactured tobacco,2003,1484.8
Unmanufactured tobacco,2004,1487.4
Unmanufactured tobacco,2005,1498.2
Unmanufactured tobacco,2006,1481.2
Unmanufactured tobacco,2007,1405.4
Unmanufactured tobacco,2008,1400
Unmanufactured tobacco,2009,1594.2
Unmanufactured tobacco,2010,1553.1
Unmanufactured tobacco,2011,1693.9
Unmanufactured tobacco,2012,1782.6
Unmanufactured tobacco,2013,1716.1
Unmanufactured tobacco,2014,1694.7
Unmanufactured tobacco,2015,1712.5
Unmanufactured tobacco,2016,1717.4
Unmanufactured tobacco,2017,1724
Unmanufactured tobacco,2018,1738.5
Unmanufactured tobacco,2019,1754.3
Unmanufactured tobacco,2020,1775.2
Unmanufactured tobacco,2021,1793.7
Unmanufactured tobacco,2022,1808.5
Unmanufactured tobacco,2023,1823.4
Walnuts in shell,2000,1026.5
Walnuts in shell,2001,960.3
Walnuts in shell,2002,993.4
Walnuts in shell,2003,1016.4
Walnuts in shell,2004,1114.8
Walnuts in shell,2005,1039
Walnuts in shell,2006,1168.8
Walnuts in shell,2007,1071.4
Walnuts in shell,2008,1201.3
Walnuts in shell,2009,1168.8
Walnuts in shell,2010,1233.8
Walnuts in shell,2011,1168.8
Walnuts in shell,2012,1269.8
Walnuts in shell,2013,1161.3
Walnuts in shell,2014,1387.1
Walnuts in shell,2015,1129
Walnuts in shell,2016,1064.5
Watermelons,2000,12750
Watermelons,2001,13094
Watermelons,2002,13148
Watermelons,2003,13205.3
Watermelons,2004,13259.5
Watermelons,2005,13410.3
Watermelons,2006,13489.1
Watermelons,2007,13569.1
Watermelons,2008,13649.4
Watermelons,2009,13729
Watermelons,2010,13807.1
Watermelons,2011,21313.1
Watermelons,2012,24323.9
Watermelons,2013,22086.4
Watermelons,2014,24133.3
Watermelons,2015,24101.1
Watermelons,2016,24473.7
Watermelons,2017,23978
Watermelons,2018,24950.5
Watermelons,2019,24950
Watermelons,2020,27215.5
Watermelons,2021,27344.5
Watermelons,2022,27566.7
Watermelons,2023,28777.8
Wheat,2000,2778.5
Wheat,2001,2708.1
Wheat,2002,2762.1
Wheat,2003,2610
Wheat,2004,2713.2
Wheat,2005,2601.6
Wheat,2006,2618.8
Wheat,2007,2707.9
Wheat,2008,2802.2
Wheat,2009,2907.1
Wheat,2010,2839.5
Wheat,2011,2988.6
Wheat,2012,3177.5
Wheat,2013,3153.8
Wheat,2014,3145.7
Wheat,2015,2749.6
Wheat,2016,3033.9
Wheat,2017,3199.9
Wheat,2018,3368.2
Wheat,2019,3533.4
Wheat,2020,3439.8
Wheat,2021,3520.8
Wheat,2022,3537.3
Wheat,2023,3520.7
